title,sub-title,ref,new_price,reserved_status,geo
Comitti,London Est.1850,Stratford,7000,,Москва
Hector Saxe Paris,Hector Saxe Paris Chess box,Hector Saxe Paris Chess box,1400,,Москва
Louis Vuitton,Держатель для карт Double,M81415,570,,ТЦ РигаМолл
Louis Vuitton,Держатель для карт Double,M12503,570,,ТЦ РигаМолл
Hermès,BIRKIN TOUCH 25 ALLIGATOR MATTE / VEAU TOGO NOIR GHW,BT25N,39900,,Москва
Hermès,KELLY 25 VEAU TOGO ETOUPE PHW,K25TE,25500,,Москва
Hermès,KELLY 25 VEAU EPSOM ETOUPE GHW,K25EE,27500,,Москва
Hermès,BIRKIN 25 SHADOW VEAU SWIFT GOLD,B25SHADOW/GOLD,36500,,Москва
Louis Vuitton,CUSTOMIZABLE POCKET MONOGRAM ORGANISER,M60502,590,,ТЦ РигаМолл
Louis Vuitton,Сумка Speedy 20 с плечевым ремнём,N40489,2680,Зарезервировано,
Hermès,KELLY SELLIER 25 CALF BOX NOIR GHW,K25BN,30500,,Москва
Hermès,KELLY 20 MINI VEAU EPSOM ETOUPE GHW,K20EE,25900,,Москва
CARRERA & CARRERA,YELLOW GOLD CUFFLINKS,CCCFL261224,2500,,Москва
L'epee,Manufacture STARFLEET EXPLORER,71.6000/141,10300,,Москва
Hector Saxe Paris,Домино,Hector Saxe домино,1100,,Москва
Hector Saxe Paris,Домино,Hector Saxe домино,1050,,Москва
Hector Saxe Paris,Backgammon Buffalo leather competition - Baptiste,Hector Saxe Paris,2550,,Москва
L'epee,Unveils Racing Car Clock T35,T 35 Rad,36500,,Москва
Hermès,KELLY 20 TEDDY SHEARLING VEAU SWIFT ALEZAN CHAMOIS GRIZZLY PHW,K20TEDDY,Цена по запросу,,Москва
Hermès,KELLY 28 VEAU EPSOM VERT JADE RAISIN GHW SPECIAL ORDER,K28SO,24500,,Санкт-Петербург
Hermès,KELLY SELLIER 25 VEAU EPSOM PERSO PHW LIMITED EDITION,K25PERSO,22500,,Санкт-Петербург
Hermès,KELLY SELLIER 25 VEAU EPSOM NOIR PHW,K25EN,27900,Зарезервировано,
Hermès,KELLY SELLIER 25 VEAU EPSOM GOLD GHW,K25EG,26500,,Москва
Louis Vuitton,Клатч Felicie,M82477,2300,Зарезервировано,
Hermès,KELLY SELLIER 25 VEAU EPSOM LIME PHW,K25EL,25500,,Москва
Hermès,KELLY SELLIER 25 VEAU EPSOM GRIS PLATINE ELECTRUM,K25EGP,27000,,Москва
Hermès,BIRKIN 25 VEAU TOGO MENTHE PHW,B25TM,23800,,Москва
Hermès,BIRKIN 25 BARENIA FAUVE GHW,B25BF,26500,,Москва
Hermès,BIRKIN 25 LIMITED EDITION PICNIC BARENIA / OSIER PHW,B25PICNIC,Цена по запросу,,Москва
Hermès,BIRKIN 25 VEAU EPSOM GOLD PHW,B25EG,26500,,Москва
Hermès,BIRKIN 25 VEAU EPSOM GOLD GHW,B25EG,26700,,Москва
Hermès,BIRKIN 25 VEAU TOGO NOIR PHW,B25TN,29000,,Москва
Comitti,London Est.1850,Stratford,7000,,Москва
Hector Saxe Paris,Backgammon competition Alligator,Hector Saxe Paris,2750,,Москва
Hector Saxe Paris,Backgammon competition Alligator,Hector Saxe Paris,2750,,Москва
Hector Saxe Paris,Hector Saxe Paris Chess box,Hector Saxe Paris Chess box,1250,,Москва
Hermès,KELLY 28 RETORNE CROCODILE NILOTICUS MATTE HIMALAYA PHW,K28Hima,Цена по запросу,,Москва
Hermès,KELLY 28 TOGO ORANGE GHW,K28TCFS,24500,,Москва
Hermès,KELLY SELLIER 25 VEAU EPSOM VERT COMICS PHW,K25EVC,27500,,Санкт-Петербург
Hermès,KELLY 25 VEAU EPSOM ROUGE VENITIEN GHW,K25ERV,26500,,Санкт-Петербург
Hermès,KELLY SELLIER 25 VEAU EPSOM VERT FIZZ PHW,K25EVF,25500,,Москва
Hermès,KELLY 25 VEAU EPSOM MAUVE PALE PHW,K25EMP,26900,,Москва
Hermès,KELLY 25 CHEVRE ROSE LIPSTICK PHW,K25CRL,23900,,Москва
Hermès,KELLY 25 EPSOM ROSE EXTREME PHW,K25ERE,18000,,Москва
Hermès,KELLY 25 VEAU SWIFT NEW WHITE PHW,K25SB,26990,,ТЦ РигаМолл
Hermès,KELLY 25 VEAU EPSOM NOIR GHW,K25EN,27900,,Москва
Hermès,KELLY SELLIER 25 VEAU EPSOM GOLD PHW,K25EG,26700,,Москва
Hermès,KELLY 25 VEAU EPSOM BISQUIT PHW,K25EGP,25100,,Москва
Hermès,KELLY SELLIER 25 VEAU EPSOM SESAME PHW,K25ES,26100,,Москва
Hermès,KELLY 25 VEAU TOGO ROSE EXTREME PHW,K25TRE,24500,,ТЦ РигаМолл
Hermès,KELLY 25 VEAU TOGO ETOUPE PHW,K25TE,25500,,Санкт-Петербург
Hermès,KELLY RETOURNE 25 VEAU TOGO GOLD GHW,K25TG,26500,,Санкт-Петербург
Hermès,KELLY SELLIER 25 VEAU TOGO SABLE NATURAL PHW,K25ES,25100,,Москва
Hermès,KELLY SELLIER 25 TADELAKT POUSSIERE GHW,K25TP,22500,,ТЦ РигаМолл
Hermès,KELLY SELLIER 25 BOX BOSPHORE PHW,K25BB,23400,,Москва
Hermès,BIRKIN 25 VEAU TOGO SANGUINE GHW,B25TS,24000,,Москва
Hermès,BIRKIN 25 HIMALAYA CROCODILE NILOTICUS PHW,B25Himalaya,Цена по запросу,,Москва
Hermès,BIRKIN 25 CROCODILE POROSUS NOIR PHW,B25CPN,Цена по запросу,Зарезервировано,
Hermès,BIRKIN 25 OSTRICH CHAI PHW,B25ATC,38500,,Москва
Hermès,BIRKIN 25 VEAU TOGO GRIS NEVE GHW,B25TGN,26500,,ТЦ РигаМолл
Hermès,BIRKIN 25 IN & OUT LIMITED EDITION VEAU SWIFT BISCUIT PHW,B25INOUT,29000,,Москва
Hermès,BIRKIN TOUCH 25 VEAU TOGO ALLIGATOR MATTE ROSE EXTREME PHW,B25TOUCH,39900,,Москва
Hermès,BIRKIN 25 VEAU SWIFT MENTHE PHW,B25SM,25900,,Санкт-Петербург
Hermès,BIRKIN 25 TOILE / SWIFT NATA PHW,B25Toile,26500,,Москва
Hermès,BIRKIN 25 COTE A COTE TUFFETAGE / VEAU SWIFT NOIR PHW,B25COTEACOTE,37500,,Москва
Hermès,BIRKIN SELLIER 25 VEAU EPSOM BLEU NAVY PHW,B25EBN,26500,,Москва
Hermès,BIRKIN 25 VEAU GRIZZLY / VEAU SWIFT GRIS CAILLOU / ETOUPE PHW,B25GRIZZLY,32500,,ТЦ РигаМолл
Hermès,BIRKIN 25 GRIZZLY VEAU SWIFT NATA  PHW,B25GRIZZLY,31500,,Москва
Hermès,BIRKIN SELLIER 25 EPSOM JAUNE MILTON PHW,B25EJM,27500,,Москва
Hermès,BIRKIN 25 VEAU TOGO JAUNE POUSSIN PHW,B25TJP,26500,,Москва
Hermès,BIRKIN 25 VEAU TOGO BLEU DE PRUSSE GHW,B25TBP,25500,,Москва
Hermès,BIRKIN 25 VEAU TOGO GOLD GHW,B25TG,26700,Зарезервировано,
Hermès,BIRKIN 25 TOGO GOLD PHW,B25TG,26500,,Москва
Hermès,KELLY SELLIER 28 VEAU MADAME MOKA PHW,K28MM,26700,,Москва
Hermès,KELLY RETOURNE VEAU TOGO BETON GHW,K28TBR,12500,,Москва
Hermès,KELLY 28 QUADRILLE ROUGE SELLIER PHW,K28QC,23200,,Москва
Hermès,KELLY SELLIER 28 TOILE VEAU SWIFT NATA / JAUNE CITRON PHW,K28TVC,22500,,Москва
Hermès,KELLY 28 LIMITED EDITION LITTERA PHW,K28LITTERA,23500,,Москва
Hermès,BIRKIN 30 DESORDRE VEAU TOGO / VEAU SWIFT NOIR GHW,B30DESORDRE,34900,,Москва
Hermès,BIRKIN 30 VEAU EPSOM GOLD PHW,B30EG,25500,,Москва
Hermès,BIRKIN 30 VEAU TOGO JAUNE POUSSIN PHW,B30TJP,25500,,Москва
Hermès,BIRKIN 30 VEAU SWIFT VERT BOSPHORE PHW,B30SB,7900,,Москва
Hermès,KELLY SELLIER 32 VEAU EPSOM NOIR GHW,K32EN,23500,,Москва
Hermès,KELLY RETOURNE 32 VEAU EPSOM BLEU PRUSSE GHW,K32EBP,23500,,ТЦ РигаМолл
Hermès,KELLY RETOURNE 32 TOGO ANEMONE PHW,K32TA,8100,,Москва
Hermès,KELLY RETOURNE 40 VEAU TOGO FUCHSIA PHW,K40TF,8500,,Москва
Hermès,KELLY GILLIES 35 CROCODILE POROSUS / TOGO MAIS / CARAMEL PHW,K35GILLIES,29500,,Москва
Hermès,KELLY RETOURNE 35 CROCODILE LISSE CHOCOLATE GHW,K35CC,26500,,Санкт-Петербург
Hermès,BIRKIN 35 CROCODILE MATTE BLEU MARINE PHW,B35CMBM,26100,,Москва
Hermès,KELLY POCHETTE ALLIGATOR MATTE VANILA GHW,KPAV,Цена по запросу,,Москва
Hermès,KELLY POCHETTE 22 ALLIGATOR SHINY ORANGE H GHW,KPASO,47500,,Москва
Hermès,KELLY POCHETTE 22 OSTRICH APRICOT GHW,KPOA,29990,,ТЦ РигаМолл
Hermès,KELLY POCHETTE VEAU SWIFT ETOUPE GHW,KPSE,24000,,Москва
Hermès,KELLY POCHETTE VEAU SWIFT NOIR GHW,KPSN,25500,,Москва
Hermès,KELLY POCHETTE VEAU SWIFT NOIR GHW,KPSN,25500,,ТЦ РигаМолл
Hermès,KELLY POCHETTE VEAU SWIFT SPECIAL ORDER GHW,KPSO,25900,,Москва
Hermès,KELLY POCHETTE VERT FIZZ PHW,KPVF,22500,,Москва
Hermès,KELLY POCHETTE VEAU SWIFT BLEU CELESTE PHW,KPSBC,22500,,Москва
Hermès,KELLY POCHETTE VEAU SWIFT SUN PHW,KPSS,23100,,Москва
Hermès,KELLY POCHETTE VEAU SWIFT ROSE SAKURA PHW,KPSRS,24000,,Москва
Hermès,GARDEN PARTY PICNIC 36 OSIER / BARÉNIA FAUVE / BEIGE,GP36PICNIC,13500,,Москва
Hermès,PICNIC FARMING OCIER SWIFT NEW WHITE,PFOWHITE,Цена по запросу,,Москва
Hermès,KELLY PICNIC 35 VEAU SWIFT / OCIER NATA PHW,K35Picnic,Цена по запросу,,Москва
Hermès,BIRKIN 25 LIMITED EDITION PICNIC SWIFT / OSIER NATA PHW,B25PICNIC,Цена по запросу,,Москва
Hermès,KELLY 20 PICNIC MENTHE PHW,K20PICNIC,Цена по запросу,,Москва
Hermès,KELLY 20 DESORDRE VEAU EPSOM GOLD PHW,K20DESORDRE,33700,,Москва
Hermès,KELLY 20 DESORDRE VEAU EPSOM NOIR PHW,K20DESORDRE,33700,,Москва
Hermès,KELLY 20 MINI CHEVRE D'ORE GHW,K20CD,38900,,Москва
Hermès,KELLY 20 MINI CROCODILE LISSE VERT JADE GHW,K20AVJ,Цена по запросу,Зарезервировано,
Hermès,KELLY MINI TOUCH 20 ALLIGATOR SHINY / VEAU MADAME NOIR GHW,K20TOUCH,39999,,Москва
Hermès,KELLY 20 MINI VEAU EPSOM SESAME PHW,K20ES,24900,,Москва
Hermès,KELLY MINI 20 SELLIER VEAU EPSOM GOLD PHW,K20EG,26700,,Москва
Hermès,KELLY 20 MINI VEAU EPSOM VERT COMICS PHW,K20EVC,23000,,Москва
Hermès,KELLY 20 VERSO CHEVRE DEEP BLEU / BLEU IZMIR PHW,K20BD,21100,,Москва
Hermès,KELLY 20 MINI CHEVRE CUIVRE PHW,K20CC,19999,,Москва
Hermès,Casaque Mosaique poker box,H315015M 01,9000,,Москва
Romain Jerome,,Тitaniс-DNA Fоuntаin Pеn Limitеd Еdition,2500,Зарезервировано,
Comitti,NAVIGATOR BLACK CHROME PLATED WITH CARBON FIBRE BASE,S5666B,15500,,Москва
Comitti,London Est.1850 LIMITED EDITION ROSE GOLD NAVIGATOR,S5266RG,15500,,Москва
Louis Vuitton,Felicie Damier Azur,N40491,2100,,ТЦ РигаМолл
Louis Vuitton,Neverfull MM,M46987,2800,,ТЦ РигаМолл
Louis Vuitton,Alma BB,M46990,2700,,ТЦ РигаМолл
STEPHEN WEBSTER,"MEN'S THORN CUFFLINKS, DIAMONDS, YELLOW GOLD",SW,3000,,Санкт-Петербург
Patek Philippe,ELLIPSE CUFFLINKS,9102R Blue,3800,,Москва
Louis Vuitton,Felicie Damier Ebene,N40492,2100,,Москва
Louis Vuitton,Felicie Monogram Empreinte,M82477,2300,,Москва
Hermès,KELLY POCHETTE VEAU SWIFT SPECIAL ORDER GHW,KPSO,27900,,Москва
Hermès,CONSTANCE SLIM WALLET EPSOM NOIR LIZARD BUCKLE,H085101CKAA,4500,,Москва
Hermès,BIRKIN CUT SHADOW VEAU SWIFT GOLD PHW,BC29SG,13500,,ТЦ РигаМолл
BREGUET,CLASSIQUE MOON PHASES ROSE GOLD CUFFLINKS,9905.BR.7787,4500,,Санкт-Петербург
Patek Philippe,ELLIPSE CUFFLINKS,9102R Blue,2500,,Санкт-Петербург
BVLGARI,BVLGARI ESTATE SILVER CUFFLINKS,BVLGARI CUFFLINKS,400,,Санкт-Петербург
Piaget,YELLOW GOLD AND DIAMOND CUFFLINKS,PIAGET CUFFLINKS,3000,,Санкт-Петербург
Audemars Piguet,"MILENARY, MOTHER OF PEARL, ROSE GOLD CUFFLINKS",435778,3800,,Санкт-Петербург
Patek Philippe,CALATRAVA CUFFLINKS,9089J,3200,,Санкт-Петербург
Patek Philippe,CALATRAVA CUFFLINKS,9089 G-001,3500,,Санкт-Петербург
BREGUET,CADRAN CUFFLINKS,9905BA,4900,,Санкт-Петербург
BREGUET,ROTOR CUFFLINKS,9907.BB.LS,3700,,Санкт-Петербург
BREGUET,Breguet Cufflinks,9907.BB.OX,3700,,Санкт-Петербург
CHRISTIAN DIOR,Rider Backpack,1ESBO038YKY_H10E,4600,,ТЦ РигаМолл
CHRISTIAN DIOR,Ruthenium Dior bag,1ADP0249DOS-H20Q,3200,,ТЦ РигаМолл
CHRISTIAN DIOR,Explorer Messenger bag Nylon,1ESME061NCD_H03E,3200,,ТЦ РигаМолл
Hermès,KELLY DEPECHES 25 TOGO SABLE PHW,KD25TS,10000,,Москва
CHRISTIAN DIOR,Medium Lady DIOR Bag Gold Metallic GHW,ldmc,27000,,ТЦ РигаМолл
Louis Vuitton,LVxNBA Basketball Collaboration,LVNBA,14500,,ТЦ РигаМолл
Hermès,HAC A DOS 18 TOGO GOLD PHW,HAC18,15500,,ТЦ РигаМолл
Hermès,BEARN COMPACT WALLET EPSOM NOIR PHW,H082875CC,3500,,ТЦ РигаМолл
Hermès,PICOTIN MICRO 14 VEAU SWIFT LUCKY DAISY PHW,P14LD,4200,,Москва
Hermès,CONSTANCE 18 VEAU EPSOM NOIR GHW,C18EN,14500,,ТЦ РигаМолл
Hermès,KELLY 20 MINI TRICOLOR VEAU EPSOM PHW,K20TRICOLOR,26800,,ТЦ РигаМолл
L'epee,The Unnamed Society Winchester ”Golden Boy”,The Unnamed Society Winchester,71500,,Москва
L'epee,”TIME FLIES”,74.6006/004,25500,,Москва
L'epee,GAZ DERRICK,76.6007/102,16800,,Москва
L'epee,TIME FLIES SILVER & BLUE,74.6006/144,25500,,Москва
L'epee,Dragon,L’Epee Dragon,9500,,Москва
Q2,SiLVER & GOLD,SiLVER & GOLD,1650,,Москва
Hermès,TWILLY SCARF SILK (В АСООРТИМЕНТЕ),TW_SILK,350,,Москва
Hermès,RODEO MM SWIFT MULTICOLOR (В АССОРТИМЕНТЕ),RODEO_MM,700,,Москва
Hermès,RODEO PM SWIFT MULTICOLOR (В АССОРТИМЕНТЕ),RODEO_PM,600,,Москва
Hermès,ORAN NANO CHARMS MULTICOLOR (В АССОРТИМЕНТЕ),ORAN_NANO,850,,Москва
Louis Vuitton,Несессер GM,M46578,1150,,ТЦ РигаМолл
Louis Vuitton,Zippy,M81743,1450,,ТЦ РигаМолл
Louis Vuitton,Футляр для трех часов,M47530,1500,,ТЦ РигаМолл
Louis Vuitton,Чемодан Rolling Trunk,M10117,11500,,ТЦ РигаМолл
Louis Vuitton,Steamer с плечевым ремнём,M81783,2390,,ТЦ РигаМолл
Louis Vuitton,Clemence,M61298,800,,Москва
Louis Vuitton,Clemence,N60534,800,,Москва
Louis Vuitton,Zippy,M81511,1760,,ТЦ РигаМолл
Louis Vuitton,Несессер PM,N40483,950,,ТЦ РигаМолл
Louis Vuitton,Несессер Toiletry Bag 2 Compartments,M11508,1430,,ТЦ РигаМолл
Buben&Zorweg,GRAND COLLECTOR INBUILT,GRAND COLLECTOR INBUILT,78500,,Москва
Hermès,CONSTACE TO GO VEAU EPSOM VERT CRIQUET PHW,CTGEN,9500,,Москва
Hermès,CONSTANCE SLIM WALLET EPSOM NOIR LIZARD BUCKLE,H085101CKAA,4500,,ТЦ РигаМолл
Hermès,CONSTANCE 25 ELAN VEAU EPSOM ETOUPE GHW,C25ELAN/ETOUPE,13600,,Москва
Hermès,CONSTANCE 18 CHEVRE MENTHE PHW,C18CM,14300,,Санкт-Петербург
BREGUET,,9907.BB.OX.D,5800,,Москва
Hermès,CONSTANCE 18 CHEVRE METALLIC D'ORE PHW,C18CD,19500,,Москва
Hermès,CONSTANCE 18 AUTRUCHE ROSE TYRIEN PHW,C18ART,16800,,Москва
Hermès,CONSTANCE 18 VEAU EPSOM DEEP BLEU MGHW,C18EDB,14200,,Москва
Hermès,CONSTANCE 18 VEAU SWIFT BEIGE MARFA GHW,C18SBM,13900,,Москва
Hermès,CONSTANCE 24 TADELAKT ETOUPE PHW,C24TE,15500,,Москва
Cartier,,Cartier,7500,,Москва
Patek Philippe,,9083GR-001,2500,,Москва
Patek Philippe,Cuff Links Nautilus,205.9057G Blue01,4800,,Москва
Панно,"""Сура. Аллах Повелевает""","Панно ""Сура. Аллах Повелевает""",5200,,Москва
Hermès,HAC A DOS 18 TOGO SABLE  PHW,HAC18,12600,,Москва
Hermès,KELLY TO GO VEAU EPSOM VERT FIZZ PHW,KTGEVF,9500,,Москва
Hermès,KELLY CUT 29 VEAU DOBLISVERT VERONE GHW,KC29DA,25500,,Москва
Hermès,KELLY CUT VEAU SWIFT NOIR GHW,KCSN,19900,,Москва
Q2,GREEN VELVET,GREEN VELVET,2550,,Москва
Q2,RED VELVET,RED VELVET,2550,,Москва
Ruffini,Кобра,Кобра,2650,,Москва
Louis Vuitton,Avenue Sling,M45302,2700,,ТЦ РигаМолл
Louis Vuitton,Avenue Slingbag Monogram,M11702,3400,,ТЦ РигаМолл
Louis Vuitton,Avenue Slingbag NM,N45303,3400,Зарезервировано,
Louis Vuitton,Avenue Sling,M46327,2700,,ТЦ РигаМолл
Hermès,Mosaique Or poker box,H313024M 01,9999,,ТЦ РигаМолл
Cartier,Stylo plume d'exception Panthere,Panthere pen,110000,,Москва
Hermès,"PICOTIN 18 VEAU SWIFT NATA ""LUCKY DAISY"" PHW",P18LUCKY,5500,,Санкт-Петербург
Hermès,PICOTIN 18 MINI TAURILLON CLEMENCE ROSE PHW,P18TCRJ,5500,,Москва
Hermès,KELLY MAXI VOYAGE 42 VEAU TOGO CABAN PHW,KM42TC,33500,,Москва
Hermès,KELLY MOOVE  19 VEAU SWIFT ETOUPE GHW,KMOOVESE,11500,,Москва
Hermès,KELLY DANSE ANAT VEAU SWIFT VERT YUCCA GHW,KDASVY,20500,,Москва
Hermès,BIRKIN CUT SHADOW SWIFT VERT YUCCA,BC29SVY,13500,,Санкт-Петербург
Hermès,BIRKIN SHADOW CUT VEAU SWIFT NOIR,BC29SN,13500,,Москва
Hermès,BIRKIN CUT SHADOW VEAU SWIFT GOLD PHW,BC29SG,13500,,Москва
Hermès,LINDY MINI GRIZZLY / VEAU SWIFT CHAMOIS GHW,L26Grizzly,16800,,Москва
Hermès,BOLIDE MINI 18 ALLIGATOR MATTE VERT DEAU PHW,B18AVD,19500,,ТЦ РигаМолл
Hermès,ROULIS TOUCH ALLIGATOR LISSE / EVERCOLOR PHW,R18TOUCH,11000,,Москва
Q2,Classic Rust,Two Rust,1550,,Москва
Q2,CLASSIC- VINTAGE COPPER,Vintage Copper,1550,,Москва
Aston Martin,Aston Martin,AMB 001,Цена по запросу,,Москва
L'epee,LA TOUR,76.6587/211,3700,,Москва
Q2,Classic- Vintage Copper,Vintage Copper,3200,,Москва
Q2,Classic Rust,Two Rust,3200,,Москва
Audemars Piguet,CUFFLINKS ROYAL OAK STEEL BLUE CENTER,Cufflinks Steel Blue Center,2800,Зарезервировано,
Hermès,ESCALE A LA PLAGE BEACH BAG ACIER,H103743M 01,3000,Зарезервировано,
Hermès,ALLBACK BACKPACK SWIFT/BIVOUAC KAKI/NOIR PHW,H083582CKAB,6800,,Москва
Hermès,ALLBACK BACKPACK SWIFT/BIVOUAC CAPUCINE/NOIR PHW,H083582CKAD,6800,,Москва
Hermès,Palio backgammon game,H312941M 01,10500,,Москва
Hermès,Samarcande II chess set,H314292M 01,10500,,Москва
Patek Philippe,"CALATRAVA CUFFLINKS, WHITE GOLD",PATEK PHILIPPE CALATRAVA,2200,,Санкт-Петербург
L'epee,+ Kostas Metaxas REQUIEM,L’Epée1839 + Kostas Metaxas,9500,Зарезервировано,
L'epee,LA TOUR,76.6587/201,3700,,Москва
MB&F,Destination Moon Black,74.6000/114,15500,Зарезервировано,
MB&F,L’Epée Destination Moon red,74.6000/154,14900,,Москва
Hector Saxe Paris,Poker set buffalo leather,Poker set buffalo leather,1200,,Москва
Hector Saxe Paris,Настольная игра,Hector Saxe покер,2550,,Москва
Hector Saxe Paris,Настольная игра,Hector Saxe покер,2550,,Москва
Hector Saxe Paris,Backgammon Alligator,Hector Saxe Backgammon Alligator,2750,,Москва
Oleg Kedria,HUNTING,HUNTING,15000,,Санкт-Петербург
Hermès,ЛЫЖИ Off Piste pair of alpine skis,hs,Цена по запросу,,Москва
Q2,Touch Stainless Steel,Qlocktwo,1200,,Москва
CHOPARD,"HAPPY DIAMONDS, 1 ELEPHANT MOVING TIE-PIN",76/1981-20,2150,,Москва
Jacob & Co,"""The Godfather"" 50th Anniversary Rollerball Pen By Jacob & Co",JCoRPGF,11500,Зарезервировано,
Jacob & Co,Pen By Jacob & Co.,The Godfather,7500,,Москва
L'epee,GAZ DERRICK,76.6007/002,16800,,Москва
Chronomeans Dunyazad,Rolling Ball Clock,Rolling Ball Clock,11500,,Москва
Comitti,The Georgian Basket Top in Chinoiserie (Samurai Artwork),C4609TCH-B,9000,,Москва
Hector Saxe Paris,Backgammon Buffalo leather competition - Baptiste,Hector Saxe Paris,2550,,Москва
Hector Saxe Paris,Poker set buffalo leather,Poker set buffalo leather,1200,,Москва
Hector Saxe Paris,Multi-game box Alligator  leather,Hector Saxe Paris Multi-game,3750,,Москва
Romain Jerome,Titanic DNA,запонки,650,,Москва
BREGUET,Cufflinks,9903.BB.LS.D,4950,,Москва
RalfDiamonds,ЗАПОНКИ,Запонки Ralf Diamonds,6050,,Москва
Jacob & Co,,Jacob & Co,9000,,Москва
STEPHEN WEBSTER,"MEN'S THORN CUFFLINKS, DIAMONDS, YELLOW GOLD",SW,3000,,Москва
Comitti,London Est.1850,Stratford,6300,,Москва
No name,DIAMOND & SAPPHIRE CUFFLINKS,CUFFLINKS,3930,,Москва
L'epee,LA REGATTA,76.6009/400,17700,,Москва
Comitti,London Est.1850,Stratford,6300,,Москва
BREGUET,Reine de Naples Gem-Set Fountain pen,WI01AG08B1.S.D.F,8521,,Москва
No name,Robot Roadster,Robot,650,,Москва
Buben&Zorweg,Pythagoras World Time Tourbillon,Pythagoras World Time Tourbillon,14000,,Москва
No name,UFO,UFO,450,,Москва
Hector Saxe Paris,Multi-game box Alligator  leather,Multi-game box Alligator  leather,3750,,Москва
Patek Philippe,CUFFLINKS CALATRAVA,205.9107G-001,3500,,Москва
Hermès,HERMES KELLY II RETOURNE VEAU SWIFT BOSPHORUS PHW,HERMES KELLY II RETOURNE VEAU SWIFT BOSPHORUS PHW,15500,,Санкт-Петербург
L'epee,Manufacture HOT BALLOON 1086,74.6002/204 Black,17500,,Москва
No name,Robobike,Robobike,650,,Москва
L'epee,GRENADE DEEP BLUE LIMITED EDITION,74.6012/404,9000,,Москва
L'epee,GRENADE RED OCTOBER LIMITED EDITION,74.6012/604,9000,,Москва
No name,"""Сокол""",Сокол,4500,,Москва
No name,Тигр,Тигр,4500,,Москва
No name,Волк,Нарды Волк,4500,,Москва
No name,Крадущийся тигр,Крадущийся тигр,4500,,Москва
TARDINI,МУЖСКОЙ ПОРТФЕЛЬ,111,3700,,Санкт-Петербург
Hermès,BEARN CROCODILE POROSUS LISSE CYCLAMEN WGDHW,BEARN/CD,8000,,Москва
Hermès,WALLET BEARN CROCODILE POROSUS NOIR WGDHW,BEARN/GD,8500,,Москва
MB&F,30 L' Epée Arachnophobia,Arachnophobia,13500,,Москва
CHOPARD,Table clock Mille Miglia,TClock,2500,,Москва
No name,,Муранское стекло,Цена по запросу,,Москва
Mоntegrappa,ПЕРЬЕВАЯ РУЧКА MONTEGRAPPA ELMO 01 ELMO 01 FANTASY BLOOMS IRIS YELLOW EF,ELMO01-IY-FP-EF,Цена по запросу,,Москва
Hector Saxe Paris,Backgammon Buffalo leather competition - Baptiste,Hector Saxe Paris,2750,,Москва
Hector Saxe Paris,Multi-game box Orange,Multi-game box Orange,3250,,Москва
Hector Saxe Paris,ox Alligator leather,Hector Saxe Paris Multi-game box Alligator leather,3750,,Москва
Romain Jerome,Rotating Propeller,RJ.T.HE.002.01,750,,Москва
Hector Saxe Paris,Backgammon Buffalo leather competition - Baptiste,Hector Saxe Paris Backgammon,2550,,Москва
Q2,Classic- Stainless Steel,Stainless Steel,2100,,Москва
Tiffany & Co,MOTHER PEARL CUFFLINCS,MOTHER PEARL CUFFLINCS,2500,,Москва
CHOPARD,,76/1372,2750,,Москва
Q2,Classic- Black Pepper,Black Pepper,2100,,Москва
Cartier,SANTOS DE CARTIER CUFFLINKS,OG000275,2650,,Москва
Patek Philippe,CUFFLINKS,111,7350,,Москва
Girard Perregaux,CUFFLINKS,Girard Perregaux,2500,,Москва
BVLGARI,CUFFLINKS,bvlgari,Цена по запросу,,Москва
Jacob & Co,CUFFLINKS,Jacob & Co,9000,,Москва
VACHERON CONSTANTIN,ONYX CUFFLINKS,vacheron constantin,2500,,Москва
Jacob & Co,CUFFLINKS,Jacob & Co,9000,,Москва
ROGER  DUBUIS,CUFFLINKS,Roger Dubuis,2500,,Москва
BVLGARI,PARENTESI CUFFLINKS,345123,3500,,Москва
SCHREINER,ЗАПОНКИ С БРИЛЛИАНТАМИ,SCHREINER,14000,,Москва
GRAFF,Faceted Diamond Cufflinks,RCF225,9500,,Москва
Comitti,London Est.1850 BIG BEN,BIG BEN,7000,,Москва
Comitti,Barometers The Regency Banjo With Clock,BC270.8,2200,,Москва
Mоntegrappa,Brain,MONTEGRAPPA,2500,Зарезервировано,
Mоntegrappa,,Mоntegrappa,8500,,Москва
Mоntegrappa,WHITE NIGHTS LIMITED EDITION,MONTEGRAPPA,11500,,Москва
Hector Saxe Paris,Multi-game box Buffalo leather Green,Hector Saxe Paris Multi-game box Buffalo leather Green,3250,,Москва
Hector Saxe Paris,,Hector Saxe Paris,700,,Москва
Hector Saxe Paris,Travel backgammon set velvet leather - Victor,Hector Saxe Paris Travel backgammon set velvet leather - Victor,700,,Москва
No name,"СТАТУЭТКА ""ДИСКОБОЛ""",ДИСКОБОЛ,6000,,Москва
No name,"СКУЛЬПТУРНАЯ КОМПОЗИЦИЯ ""БОРЦЫ ИЗ УФФИЦИ""",БОРЦЫ ИЗ УФФИЦИ,8000,,Москва
No name,"СКУЛЬПТУРА КАБИНЕТНАЯ  ""КОНЬ МАРЛИ""",КОНЬ МАРЛИ,8000,,Москва
Hector Saxe Paris,Backgammon Buffalo leather competition - Baptiste,Hector Saxe Paris Backgammon Buffalo,2550,,Москва
Hector Saxe Paris,Chess box buffalo leather,Hector Saxe Paris Chess,1200,,Москва
MB&F,+ L'ÉPÉE 1839 TRIPOD,74.6009/164,22000,,Москва
MB&F,FLORIAN SCHLUMPF TIME MACHINE 3 Ana,TIME MACHINE 3 Ana,13500,,Москва
No name,Нарды РФ,Нарды РФ,4500,,Москва
Mоntegrappa,APHRODITE/SE-M,111,6500,,Москва
